{
  "ablation_1_conditioning_zeroout": {
    "baseline_cd_mean": 0.02472619978711009,
    "baseline_cd_std": 0.013596447878861715,
    "zeroed_cd_mean": 0.07105646615847945,
    "zeroed_cd_std": 0.0841964373955261,
    "time_s": 22.0
  },
  "ablation_2_timestep_sweep": {
    "t=1": {
      "mean": 0.018246335592120886,
      "std": 0.003435998516449303
    },
    "t=10": {
      "mean": 0.018877956438809632,
      "std": 0.003664048684361315
    },
    "t=50": {
      "mean": 0.02413694592192769,
      "std": 0.009087158115605183
    },
    "t=100": {
      "mean": 0.02202941317111254,
      "std": 0.006606015604802487
    },
    "t=150": {
      "mean": 0.02442988572642207,
      "std": 0.012497862538058428
    },
    "t=200": {
      "mean": 0.024762934558093547,
      "std": 0.010890771544110025
    },
    "t=250": {
      "mean": 0.024377401284873486,
      "std": 0.010064016481381301
    },
    "t=300": {
      "mean": 0.02791553132236004,
      "std": 0.012762485688112238
    },
    "t=400": {
      "mean": 0.02943228283897042,
      "std": 0.009734536945939995
    },
    "t=500": {
      "mean": 0.06082191184163094,
      "std": 0.05673486106674329
    },
    "t=700": {
      "mean": 0.36935497403144835,
      "std": 0.14241454918842517
    },
    "t=999": {
      "mean": 13497633873.92,
      "std": 2244672150.330406
    },
    "time_s": 55.7
  },
  "ablation_3_sparse_scaffold": {
    "100%": {
      "mean": 0.027143715415149927,
      "std": 0.016208652983898026,
      "n_points": 20000
    },
    "50%": {
      "mean": 0.04682373497635126,
      "std": 0.08670894758328052,
      "n_points": 10000
    },
    "25%": {
      "mean": 0.1334425715729594,
      "std": 0.34374275234099927,
      "n_points": 5000
    },
    "10%": {
      "mean": 0.7276705479621888,
      "std": 1.0726232866845635,
      "n_points": 2000
    },
    "5%": {
      "mean": 1.7564154374599457,
      "std": 1.642596617814131,
      "n_points": 1000
    },
    "1%": {
      "mean": 3.51081822514534,
      "std": 2.114183203928497,
      "n_points": 200
    },
    "time_s": 46.1
  },
  "ablation_4_random_scaffold": {
    "gt_scaffold_cd_mean": 0.026320963874459268,
    "gt_scaffold_cd_std": 0.01814425698060377,
    "random_scaffold_cd_mean": 777.0044458007812,
    "random_scaffold_cd_std": 99.23153683451133,
    "time_s": 25.4
  },
  "ablation_5_input_density": {
    "100%": {
      "mean": 0.024882902838289738,
      "std": 0.010996391228566358,
      "n_points": 20000
    },
    "75%": {
      "mean": 0.024442690387368203,
      "std": 0.009669167588359806,
      "n_points": 15000
    },
    "50%": {
      "mean": 0.024652338549494744,
      "std": 0.01631365330060275,
      "n_points": 10000
    },
    "25%": {
      "mean": 0.022813607845455407,
      "std": 0.006135606236369401,
      "n_points": 5000
    },
    "10%": {
      "mean": 0.026814331598579884,
      "std": 0.015879803510422664,
      "n_points": 2000
    },
    "time_s": 42.5
  },
  "ablation_6_voxel_grid_scaffold": {
    "res=0.5m": {
      "mean": 656.0882287597656,
      "std": 90.33607944521928,
      "grid_total": 1682226,
      "grid_used": 20000
    },
    "res=1.0m": {
      "mean": 651.3621887207031,
      "std": 90.25023941843592,
      "grid_total": 205716,
      "grid_used": 20000
    },
    "res=2.0m": {
      "mean": 651.9060412597656,
      "std": 89.41889235879461,
      "grid_total": 24570,
      "grid_used": 20000
    },
    "time_s": 42.9
  },
  "total_time_s": 234.4,
  "num_frames": 50,
  "checkpoint": "/home/anywherevla/sonata_ws/sonata-workspace-fixed/sonata-workspace/checkpoints/diffusion_v2gt_finetune_mixed_scaffold/best.pth"
}