{
  "results": {
    "42": {
      "0": {
        "test_cd": 3.1147501631427383,
        "test_std": 3.089556754020136,
        "test_n": 50,
        "val_cd": 2.599129379905171,
        "val_std": 2.1289763680811866,
        "val_n": 50
      },
      "1": {
        "test_cd": 0.988715170212867,
        "test_std": 0.6127982958471766,
        "test_n": 50,
        "val_cd": 0.7707368994467059,
        "val_std": 0.3868324278028125,
        "val_n": 50
      },
      "2": {
        "test_cd": 0.8336376856358654,
        "test_std": 0.8477992794315659,
        "test_n": 50,
        "val_cd": 0.6094120239302463,
        "val_std": 0.28374542419737675,
        "val_n": 50
      }
    },
    "43": {
      "0": {
        "test_cd": 1.5389514766850982,
        "test_std": 1.0562240709726969,
        "test_n": 50,
        "val_cd": 1.2630892076747537,
        "val_std": 0.8749909960701551,
        "val_n": 50
      },
      "1": {
        "test_cd": 1.1487473211332508,
        "test_std": 0.6986637993629807,
        "test_n": 50,
        "val_cd": 0.8939063921174022,
        "val_std": 0.4445151087723674,
        "val_n": 50
      },
      "2": {
        "test_cd": 1.0150049973889776,
        "test_std": 0.6082974839913008,
        "test_n": 50,
        "val_cd": 0.8418319557727449,
        "val_std": 0.42008733344357196,
        "val_n": 50
      }
    },
    "44": {
      "0": {
        "test_cd": 1.1717481041207711,
        "test_std": 0.6217260772562203,
        "test_n": 50,
        "val_cd": 0.8880316012886033,
        "val_std": 0.4375278898482376,
        "val_n": 50
      },
      "1": {
        "test_cd": 0.9984392095679852,
        "test_std": 0.6088189079177078,
        "test_n": 50,
        "val_cd": 0.76749602891328,
        "val_std": 0.42315338650592016,
        "val_n": 50
      },
      "2": {
        "test_cd": 0.7543804849752058,
        "test_std": 0.46639421421465915,
        "test_n": 50,
        "val_cd": 0.6008419521380669,
        "val_std": 0.376323414269338,
        "val_n": 50
      }
    },
    "45": {
      "0": {
        "test_cd": 2.889458279106014,
        "test_std": 1.9209082862622167,
        "test_n": 50,
        "val_cd": 2.4908728564561806,
        "val_std": 1.7860602610310186,
        "val_n": 50
      },
      "1": {
        "test_cd": 1.2493032363832721,
        "test_std": 0.6471576313071927,
        "test_n": 50,
        "val_cd": 1.0534903958497603,
        "val_std": 0.5737134512998744,
        "val_n": 50
      },
      "2": {
        "test_cd": 1.1831599912480477,
        "test_std": 0.5880142291915403,
        "test_n": 50,
        "val_cd": 0.9375400232716958,
        "val_std": 0.46087953884399346,
        "val_n": 50
      }
    },
    "46": {
      "0": {
        "test_cd": 1.617574985739088,
        "test_std": 1.0998023057001092,
        "test_n": 50,
        "val_cd": 1.4270060937474358,
        "val_std": 1.4723186887900566,
        "val_n": 50
      },
      "1": {
        "test_cd": 1.1685757506894257,
        "test_std": 0.9169598507131109,
        "test_n": 50,
        "val_cd": 0.8486617973216728,
        "val_std": 0.4648433005081545,
        "val_n": 50
      },
      "2": {
        "test_cd": 0.9773971150577176,
        "test_std": 0.5400528470667277,
        "test_n": 50,
        "val_cd": 0.7826192509787167,
        "val_std": 0.41827290293615477,
        "val_n": 50
      }
    },
    "47": {
      "0": {
        "test_cd": 1.3483072874124138,
        "test_std": 0.7497459978223044,
        "test_n": 50,
        "val_cd": 1.1859475774127852,
        "val_std": 0.671551771476932,
        "val_n": 50
      },
      "1": {
        "test_cd": 1.3251763833776327,
        "test_std": 0.728966709912847,
        "test_n": 50,
        "val_cd": 1.087346143553111,
        "val_std": 0.7925768944765386,
        "val_n": 50
      },
      "2": {
        "test_cd": 1.234101859213435,
        "test_std": 1.126379045010457,
        "test_n": 50,
        "val_cd": 0.9447698188227979,
        "val_std": 0.8777917121906199,
        "val_n": 50
      }
    }
  }
}