{
  "42": 0.7270935839583147,
  "43": 1.0287011140562528,
  "44": 0.7547463564793391,
  "45": 1.1223324388471771,
  "46": 0.9665870007615149,
  "47": 1.2080968002610941
}