{
  "variants": {
    "A_fair_ego_bbox_lidiff_crop": {
      "pred_cd_mean": 12.577229590415955,
      "pred_cd_std": 8.139877594746158,
      "pred_cd_median": 11.577421188354492,
      "pred_cd_min": 0.3918825387954712,
      "pred_cd_max": 31.093265533447266,
      "scaffold_cd_mean": 12.40900668144226,
      "scaffold_cd_std": 8.091632709675169,
      "n_frames": 50,
      "n_inf": 0,
      "n_after_crop_mean": 10004.78,
      "per_frame_time_s_mean": 0.2174756383895874,
      "total_time_s": 17.7,
      "crop_mode": "lidiff",
      "cd_impl": "torch"
    },
    "A_fair_lidiff_match_kdtree": {
      "pred_cd_mean": 12.609244298092861,
      "pred_cd_std": 8.13055695723463,
      "pred_cd_median": 11.57518213110637,
      "pred_cd_min": 0.39188252540650154,
      "pred_cd_max": 31.170263081002787,
      "scaffold_cd_mean": 12.420634805252496,
      "scaffold_cd_std": 8.083364328447313,
      "n_frames": 50,
      "n_inf": 0,
      "n_after_crop_mean": 10000.12,
      "per_frame_time_s_mean": 0.20988614559173585,
      "total_time_s": 16.4,
      "crop_mode": "lidiff",
      "cd_impl": "kdtree"
    },
    "LiDPM_protocol_lidiff_crop": {
      "pred_cd_mean": 12.675568373203278,
      "pred_cd_std": 8.201746047962859,
      "pred_cd_median": 11.640818119049072,
      "pred_cd_min": 0.36767470836639404,
      "pred_cd_max": 31.053436279296875,
      "scaffold_cd_mean": 12.469334065914154,
      "scaffold_cd_std": 8.097322362646182,
      "n_frames": 50,
      "n_inf": 0,
      "n_after_crop_mean": 8863.02,
      "per_frame_time_s_mean": 0.19849507808685302,
      "total_time_s": 15.9,
      "crop_mode": "lidiff",
      "cd_impl": "torch"
    },
    "LiDPM_protocol_lidiff_match_kdtree": {
      "pred_cd_mean": 12.677538471222498,
      "pred_cd_std": 8.21151849085638,
      "pred_cd_median": 11.629836139226258,
      "pred_cd_min": 0.367674721418019,
      "pred_cd_max": 31.42301446696282,
      "scaffold_cd_mean": 12.478523091132114,
      "scaffold_cd_std": 8.119508373088694,
      "n_frames": 50,
      "n_inf": 0,
      "n_after_crop_mean": 8863.02,
      "per_frame_time_s_mean": 0.19850361824035645,
      "total_time_s": 15.5,
      "crop_mode": "lidiff",
      "cd_impl": "kdtree"
    }
  },
  "partial": false,
  "num_frames": 50,
  "checkpoint": "/home/anywherevla/sonata_ws/sonata-workspace-fixed/sonata-workspace/checkpoints/diffusion_v2gt/best_model.pth",
  "seed": 42,
  "ego_bbox_min": [
    -40.0,
    -40.0,
    -5.0
  ],
  "ego_bbox_max": [
    40.0,
    40.0,
    5.0
  ],
  "lidiff_margin_m": 1.0
}