{
  "variants": {
    "A_fair_ego_bbox_lidiff_crop": {
      "pred_cd_mean": 0.7690515452623368,
      "pred_cd_std": 0.541382383408111,
      "pred_cd_median": 0.6111056208610535,
      "pred_cd_min": 0.23703545331954956,
      "pred_cd_max": 3.6654915809631348,
      "scaffold_cd_mean": 12.40900668144226,
      "scaffold_cd_std": 8.091632709675169,
      "n_frames": 50,
      "n_inf": 0,
      "n_after_crop_mean": 13658.6,
      "per_frame_time_s_mean": 0.21935615062713623,
      "total_time_s": 19.3,
      "crop_mode": "lidiff",
      "cd_impl": "torch"
    },
    "A_fair_lidiff_match_kdtree": {
      "pred_cd_mean": 0.7270935839583147,
      "pred_cd_std": 0.37773124722222046,
      "pred_cd_median": 0.6018622578743025,
      "pred_cd_min": 0.2193451579758543,
      "pred_cd_max": 1.9885592567169614,
      "scaffold_cd_mean": 12.420634805252496,
      "scaffold_cd_std": 8.083364328447313,
      "n_frames": 50,
      "n_inf": 0,
      "n_after_crop_mean": 13651.2,
      "per_frame_time_s_mean": 0.20877466201782227,
      "total_time_s": 15.6,
      "crop_mode": "lidiff",
      "cd_impl": "kdtree"
    },
    "LiDPM_protocol_lidiff_crop": {
      "pred_cd_mean": 0.7468915662169456,
      "pred_cd_std": 0.3878940082857792,
      "pred_cd_median": 0.682660698890686,
      "pred_cd_min": 0.2198839634656906,
      "pred_cd_max": 2.311038017272949,
      "scaffold_cd_mean": 12.469334065914154,
      "scaffold_cd_std": 8.097322362646182,
      "n_frames": 50,
      "n_inf": 0,
      "n_after_crop_mean": 12212.4,
      "per_frame_time_s_mean": 0.19743170738220214,
      "total_time_s": 17.2,
      "crop_mode": "lidiff",
      "cd_impl": "torch"
    },
    "LiDPM_protocol_lidiff_match_kdtree": {
      "pred_cd_mean": 0.7460622397636318,
      "pred_cd_std": 0.3856824469160564,
      "pred_cd_median": 0.678563063923729,
      "pred_cd_min": 0.2201512094792774,
      "pred_cd_max": 2.295925517647661,
      "scaffold_cd_mean": 12.478523091132114,
      "scaffold_cd_std": 8.119508373088694,
      "n_frames": 50,
      "n_inf": 0,
      "n_after_crop_mean": 12212.4,
      "per_frame_time_s_mean": 0.19730196952819823,
      "total_time_s": 14.8,
      "crop_mode": "lidiff",
      "cd_impl": "kdtree"
    }
  },
  "partial": false,
  "num_frames": 50,
  "checkpoint": "/home/anywherevla/sonata_ws/sonata-workspace-fixed/sonata-workspace/checkpoints/diffusion_v2gt_finetune_mixed_scaffold/best.pth",
  "seed": 42,
  "ego_bbox_min": [
    -40.0,
    -40.0,
    -5.0
  ],
  "ego_bbox_max": [
    40.0,
    40.0,
    5.0
  ],
  "lidiff_margin_m": 1.0
}