{
  "variants": {
    "A_fair_ego_bbox_lidiff_crop": {
      "pred_cd_mean": 1.1226031309366227,
      "pred_cd_std": 0.7784367644037234,
      "pred_cd_median": 0.9548995196819305,
      "pred_cd_min": 0.20211917161941528,
      "pred_cd_max": 4.327597618103027,
      "scaffold_cd_mean": 12.40900668144226,
      "scaffold_cd_std": 8.091632709675169,
      "n_frames": 50,
      "n_inf": 0,
      "n_after_crop_mean": 12086.38,
      "per_frame_time_s_mean": 0.2181684637069702,
      "total_time_s": 18.6,
      "crop_mode": "lidiff",
      "cd_impl": "torch"
    },
    "A_fair_full_scaffold_lidiff_crop": {
      "pred_cd_mean": 1.0943954065442085,
      "pred_cd_std": 0.6304307792516572,
      "pred_cd_median": 0.9570887386798859,
      "pred_cd_min": 0.23395727574825287,
      "pred_cd_max": 2.808314085006714,
      "scaffold_cd_mean": 12.444259752631188,
      "scaffold_cd_std": 8.0653409563261,
      "n_frames": 50,
      "n_inf": 0,
      "n_after_crop_mean": 10732.6,
      "per_frame_time_s_mean": 0.20557832717895508,
      "total_time_s": 17.0,
      "crop_mode": "lidiff",
      "cd_impl": "torch"
    },
    "A_fair_full_scaffold_no_crop": {
      "pred_cd_mean": 103.4510570526123,
      "pred_cd_std": 45.58093848552796,
      "pred_cd_median": 93.40840148925781,
      "pred_cd_min": 25.985671997070312,
      "pred_cd_max": 215.1690216064453,
      "scaffold_cd_mean": 146.5429299926758,
      "scaffold_cd_std": 56.66331668191321,
      "n_frames": 50,
      "n_inf": 0,
      "n_after_crop_mean": 20000.0,
      "per_frame_time_s_mean": 0.2055171823501587,
      "total_time_s": 24.8,
      "crop_mode": "none",
      "cd_impl": "torch"
    },
    "A_fair_lidiff_match_kdtree": {
      "pred_cd_mean": 1.105035830133735,
      "pred_cd_std": 0.6699917172325325,
      "pred_cd_median": 0.918862367298235,
      "pred_cd_min": 0.2071683019572645,
      "pred_cd_max": 2.786704729289331,
      "scaffold_cd_mean": 12.420634805252496,
      "scaffold_cd_std": 8.083364328447313,
      "n_frames": 50,
      "n_inf": 0,
      "n_after_crop_mean": 12085.54,
      "per_frame_time_s_mean": 0.2094098949432373,
      "total_time_s": 15.6,
      "crop_mode": "lidiff",
      "cd_impl": "kdtree"
    }
  },
  "partial": false,
  "num_frames": 50,
  "checkpoint": "/home/anywherevla/sonata_ws/sonata-workspace-fixed/sonata-workspace/checkpoints/diffusion_v2gt_finetune_mixed_scaffold_seed46/best.pth",
  "seed": 42,
  "ego_bbox_min": [
    -40.0,
    -40.0,
    -5.0
  ],
  "ego_bbox_max": [
    40.0,
    40.0,
    5.0
  ],
  "lidiff_margin_m": 1.0
}